date_of_transaction,month_of_transaction,details,transaction,deposit,cc_balance_paid,card,category
1/1/2023,1/1/2023,SPOTIFY                 SYDNEY,-12,(null),FALSE,AMEX,Streaming
2/1/2023,1/1/2023,UBER EATS               HELP.UBER.COM,-32,(null),FALSE,AMEX,Fast Food
3/1/2023,1/1/2023,PAYMENT FROM VITHUSHA VIGNESWARAMOORTHYÂ ,(null),10,FALSE,ANZ_Savings,Other
3/1/2023,1/1/2023,SQ SCISSORS STYLE BAR DUNDAS VALLEYÂ ,-30,(null),FALSE,ANZ_Savings,Other
3/1/2023,1/1/2023,STORE MCDONALDS PARÂ ,-19.35,(null),FALSE,ANZ_Savings,Fast Food
3/1/2023,1/1/2023,PAYMENT FROM GAVISHNAH VIGNESWARAMOORTHYÂ ,(null),4.6,FALSE,ANZ_Savings,Other
5/1/2023,1/1/2023,UBER EATS               HELP.UBER.COM,-34,(null),FALSE,AMEX,Fast Food
5/1/2023,1/1/2023,TRANSPORTFORNSW TAP SYDNEYÂ ,-3.53,(null),FALSE,ANZ_Savings,Public/Private Transport costs
8/1/2023,1/1/2023,TM TICKETMASTERAU      MELBOURNE,-22,(null),FALSE,AMEX,Other
8/1/2023,1/1/2023,MCDONALDS WEST RYDE BP  WEST RYDE,-48,(null),FALSE,AMEX,Fast Food
10/1/2023,1/1/2023,Visa Purchase - Receipt 100873 KFCErmington kfc.com.au,-10,(null),FALSE,ING_Savings,Fast Food
11/1/2023,1/1/2023,UBER EATS               HELP.UBER.COM,-24,(null),FALSE,AMEX,Fast Food
16/1/2023,1/1/2023,store MCDONALDS PA,-18.94,(null),FALSE,ING_Savings,Fast Food
16/1/2023,1/1/2023,FROM RESTPAYROLL-FRON 12187Â ,(null),2444.5,FALSE,ANZ_Savings,Salary
17/1/2023,1/1/2023,OPTUS BILLING AUTOPAY   MACQUARIE PARK,-96,(null),FALSE,AMEX,Internet/Mobile
20/1/2023,1/1/2023,AMZNPRIMEAU MEMBERSHIP  SYDNEY SOUTH,-7,(null),FALSE,AMEX,Streaming
21/1/2023,1/1/2023,GOOGLE DISNEY MOBILE   G.CO/HELPPAY#,-14,(null),FALSE,AMEX,Streaming
21/1/2023,1/1/2023,UBER EATS               HELP.UBER.COM,-23,(null),FALSE,AMEX,Fast Food
22/1/2023,1/1/2023,STREAMOTION PTY LTD     NORTH RYDE,-28,(null),FALSE,AMEX,Streaming
23/1/2023,1/1/2023,UBER EATS               HELP.UBER.COM,-31,(null),FALSE,AMEX,Fast Food
23/1/2023,1/1/2023,MCFIT METHOD TEACHABLE.COMÂ ,-44.31,(null),FALSE,ANZ_Savings,Gym/Fitness
23/1/2023,1/1/2023,SQ THE BERLIN FOOD BU MELROSE PARKÂ ,-19.5,(null),FALSE,ANZ_Savings,Fast Food
27/1/2023,1/1/2023,FUNDS TRANSFER CARD 9080Â BEEM ITÂ ,-21,(null),FALSE,ANZ_Savings,Other
28/1/2023,1/1/2023,UBER EATS SYDNEY,-22.97,(null),FALSE,ING_Savings,Fast Food
30/1/2023,1/1/2023,FROM RESTPAYROLL-FRON 12187Â ,(null),2444.5,FALSE,ANZ_Savings,Salary
30/1/2023,1/1/2023,SQ NAGOLD MOBILE CATERIN SYDNEY OLYMPIÂ ,-12,(null),FALSE,ANZ_Savings,Other
31/1/2023,1/1/2023,ACCOUNT SERVICING FEEÂ ,-5,(null),FALSE,ANZ_Savings,Other
31/1/2023,1/1/2023,REVERSAL OF ACCOUNT SERVICING FEEÂ ,(null),5,FALSE,ANZ_Savings,Other
31/1/2023,1/1/2023,SQ THE BERLIN FOOD BU MELROSE PARKÂ ,-10,(null),FALSE,ANZ_Savings,Fast Food
31/1/2023,1/1/2023,SQ THE BERLIN FOOD BU MELROSE PARKÂ ,-13.5,(null),FALSE,ANZ_Savings,Fast Food
1/2/2023,1/2/2023,SPOTIFY                 SYDNEY,-12,(null),FALSE,AMEX,Streaming
2/2/2023,1/2/2023,UBER EATS               HELP.UBER.COM,-33,(null),FALSE,AMEX,Fast Food
3/2/2023,1/2/2023,VISA DEBIT PURCHASE CARD 9080Â ,-7.6,(null),FALSE,ANZ_Savings,Other
3/2/2023,1/2/2023,UBER EATS               HELP.UBER.COM,-24,(null),FALSE,AMEX,Fast Food
6/2/2023,1/2/2023,TRANSPORTFORNSW TAP SYDNEYÂ ,-10.1,(null),FALSE,ANZ_Savings,Public/Private Transport costs
7/2/2023,1/2/2023,store MCDONALDS PA,-9.2,(null),FALSE,ING_Savings,Fast Food
8/2/2023,1/2/2023,store MCDONALDS PA,-14.7,(null),FALSE,ING_Savings,Fast Food
10/2/2023,1/2/2023,GRILLD PTY LTD RICHMONDÂ ,-15.9,(null),FALSE,ANZ_Savings,Fast Food
10/2/2023,1/2/2023,Netflix.com             Melbourne,-11,(null),FALSE,AMEX,Streaming
10/2/2023,1/2/2023,DOORDASHMCDONALDS      MELBOURNE,-26,(null),FALSE,AMEX,Fast Food
13/2/2023,1/2/2023,KFCERMINGTON KFC.COM.AUÂ ,-25.95,(null),FALSE,ANZ_Savings,Fast Food
13/2/2023,1/2/2023,TRANSPORTFORNSW TAP SYDNEYÂ ,-10.1,(null),FALSE,ANZ_Savings,Public/Private Transport costs
13/2/2023,1/2/2023,FROM RESTPAYROLL-FRON 12187Â ,(null),2444.5,FALSE,ANZ_Savings,Salary
14/2/2023,1/2/2023,7-ELEVEN 2272 RYDEÂ ,-1.5,(null),FALSE,ANZ_Savings,Groceries/Petrol
15/2/2023,1/2/2023,STREAMOTION PTY LTD 61297760008Â ,-16,(null),FALSE,ANZ_Savings,Streaming
15/2/2023,1/2/2023,OPTUS BILLING AUTOPAY   MACQUARIE PARK,-96,(null),FALSE,AMEX,Internet/Mobile
17/2/2023,1/2/2023,Everyday round up - Receipt 234878,-0.5,(null),FALSE,ING_Savings,Other
17/2/2023,1/2/2023,KFC ERMINGTON ERMINGTON,-14.05,(null),FALSE,ING_Savings,Fast Food
19/2/2023,1/2/2023,EVENT TOP RYDE TOP RYDE,-23.5,(null),FALSE,ING_Savings,Cinemas
20/2/2023,1/2/2023,AMZNPRIMEAU MEMBERSHIP  SYDNEY SOUTH,-7,(null),FALSE,AMEX,Streaming
20/2/2023,1/2/2023,McDonalds 950427 WEST RYDE,-27.7,(null),FALSE,ING_Savings,Fast Food
21/2/2023,1/2/2023,GOOGLE DISNEY MOBILE   G.CO/HELPPAY#,-14,(null),FALSE,AMEX,Streaming
22/2/2023,1/2/2023,store MCDONALDS PA,-16.6,(null),FALSE,ING_Savings,Fast Food
23/2/2023,1/2/2023,AGRO BEANS SYDNEYÂ ,-16.06,(null),FALSE,ANZ_Savings,Other
23/2/2023,1/2/2023,KFCErmington kfc.com.,-8,(null),FALSE,NABCC,Fast Food
24/2/2023,1/2/2023,Streamotion Pty Ltd 61,-30,(null),FALSE,NABCC,Streaming
27/2/2023,1/2/2023,Google Paramount Plus,-8.99,(null),FALSE,NABCC,Streaming
27/2/2023,1/2/2023,FROM RESTPAYROLL-FRON 12187Â ,(null),2444.5,FALSE,ANZ_Savings,Salary
28/2/2023,1/2/2023,TRANSPORTFORNSW TAP SYDNEYÂ ,-10.1,(null),FALSE,ANZ_Savings,Public/Private Transport costs
28/2/2023,1/2/2023,REVERSAL OF ACCOUNT SERVICING FEEÂ ,(null),5,FALSE,ANZ_Savings,Other
28/2/2023,1/2/2023,KFC ERMINGTON ERMINGTO,-14.05,(null),FALSE,NABCC,Fast Food
28/2/2023,1/2/2023,ACCOUNT SERVICING FEEÂ ,-5,(null),FALSE,ANZ_Savings,Other
1/3/2023,1/3/2023,AMAZON AU SYDNEY SOUTH,-94.95,(null),FALSE,NABCC,Amazon Shopping
2/3/2023,1/3/2023,El Loco @ Slip Inn Sydney,-6.05,(null),FALSE,NABCC,Other
3/3/2023,1/3/2023,ANNUAL FEE,-295,(null),FALSE,NABCC,Other
3/3/2023,1/3/2023,THE NAKED DUCK KENT S SYDNEYÂ ,-16.5,(null),FALSE,ANZ_Savings,Other
3/3/2023,1/3/2023,SPOTIFY SYDNEY,-11.99,(null),FALSE,NABCC,Streaming
4/3/2023,1/3/2023,UBER EATS SYDNEY,-23.77,(null),FALSE,ING_Savings,Fast Food
6/3/2023,1/3/2023,UBER EATS SYDNEY,-32.04,(null),FALSE,ING_Savings,Fast Food
6/3/2023,1/3/2023,TRANSPORTFORNSW TAP SYDNEYÂ ,-8.58,(null),FALSE,ANZ_Savings,Public/Private Transport costs
6/3/2023,1/3/2023,store MCDONALDS PA,-14.99,(null),FALSE,ING_Savings,Fast Food
9/3/2023,1/3/2023,UBER EATS SYDNEY,-24.44,(null),FALSE,ING_Savings,Fast Food
10/3/2023,1/3/2023,FROM RESTPAYROLL-FRON 12187Â ,(null),2444.5,FALSE,ANZ_Savings,Salary
12/3/2023,1/3/2023,Netflix.com             Melbourne,-11,(null),FALSE,AMEX,Streaming
13/3/2023,1/3/2023,Streamotion Pty,-16,(null),FALSE,NABCC,Streaming
13/3/2023,1/3/2023,store MCDONALDS,-20.59,(null),FALSE,NABCC,Fast Food
13/3/2023,1/3/2023,UBER EATS SYDNE,-34.17,(null),FALSE,NABCC,Fast Food
14/3/2023,1/3/2023,NRMA WEB SYDNEY,-449.36,(null),FALSE,NABCC,Public/Private Transport costs
14/3/2023,1/3/2023,JEANS BBQ CHILLI,-20.5,(null),FALSE,NABCC,Other
14/3/2023,1/3/2023,DBSGenesis Parr,-27.9,(null),FALSE,NABCC,Gym/Fitness
14/3/2023,1/3/2023,DBSGenesis Parr,-55,(null),FALSE,NABCC,Gym/Fitness
14/3/2023,1/3/2023,KFCErmington kf,-11.95,(null),FALSE,NABCC,Fast Food
14/3/2023,1/3/2023,Travel Insurance,-150,(null),FALSE,NABCC,Travel
15/3/2023,1/3/2023,PLAYSTATIONNETWORK LONDONÂ ,-59.95,(null),FALSE,ANZ_Savings,Other
16/3/2023,1/3/2023,SERVICE NSW4064,-363.59,(null),FALSE,NABCC,Public/Private Transport costs
17/3/2023,1/3/2023,PAYMENT FROM MR GAVISHNAH VIGNESWARAMOORÂ ,(null),20,FALSE,ANZ_Savings,Other
17/3/2023,1/3/2023,"Pay Anyone - Receipt 019328 Aircon Deposit
P Marianayagam",-4100,(null),FALSE,ING_Savings,renovation
20/3/2023,1/3/2023,ANZ MOBILE BANKING PAYMENT 948505Â TO P MARIANAYAGAMÂ ,-650,(null),FALSE,ANZ_Savings,renovation
20/3/2023,1/3/2023,OPTUS BILLING AU,-96.69,(null),FALSE,NABCC,Internet/Mobile
20/3/2023,1/3/2023,UBER EATS SYDNE,-24.94,(null),FALSE,NABCC,Fast Food
20/3/2023,1/3/2023,PAYMENT FROM MR GAVISHNAH VIGNESWARAMOORÂ ,(null),100,FALSE,ANZ_Savings,Other
21/3/2023,1/3/2023,store MCDONALDS,-32.03,(null),FALSE,NABCC,Fast Food
21/3/2023,1/3/2023,AMZNPRIMEAU MEMB,-6.99,(null),FALSE,NABCC,Streaming
23/3/2023,1/3/2023,Bulk Nutrients 6,-46,(null),FALSE,NABCC,Gym/Fitness
23/3/2023,1/3/2023,UBER EATS SYDNE,-32.98,(null),FALSE,NABCC,Fast Food
23/3/2023,1/3/2023,TEQUILA DAISY AU,-31.53,(null),FALSE,NABCC,Other
9/9/2023,1/9/2023,KFCErmington kfc.com.au,-18.55,(null),FALSE,ING_Savings,Fast Food
11/9/2023,1/9/2023,KFCERMINGTON KFC.COM.AUÂ ,-21.9,(null),FALSE,ANZ_Savings,Fast Food
11/9/2023,1/9/2023,ATO PAYMENT SYDNEYÂ ,-1404.75,(null),FALSE,ANZ_Savings,Voluntary HECS repayment
11/9/2023,1/9/2023,FROM RESTPAYROLL-FRON 12187Â ,(null),2872.74,FALSE,ANZ_Savings,Salary
11/9/2023,1/9/2023,TRANSPORTFORNSW TAP SYDNEYÂ ,-5.05,(null),FALSE,ANZ_Savings,Public/Private Transport costs
11/9/2023,1/9/2023,SP BUILTWITHSCIENCE RICHMONDÂ ,-108.51,(null),FALSE,ANZ_Savings,Gym/Fitness
12/9/2023,1/9/2023,McDonalds 1712 MCDONALDS PA,-18.6,(null),FALSE,ING_Savings,Fast Food
12/9/2023,1/9/2023,GOOGLE CENTR DIGITAL PYRMONTÂ ,-29.99,(null),FALSE,ANZ_Savings,Other
12/9/2023,1/9/2023,DBSGenesis Parra,-27.9,(null),FALSE,NABCC,Gym/Fitness
13/9/2023,1/9/2023,THEBROCOOKBOOK.COM THEBROCOOKBOOÂ ,-111.66,(null),FALSE,ANZ_Savings,Gym/Fitness
13/9/2023,1/9/2023,GOOGLE MYFITNESSPAL PYRMONTÂ ,-29.99,(null),FALSE,ANZ_Savings,Gym/Fitness
14/9/2023,1/9/2023,TO ZAC NAYLOR PT 527340706Â ,-81.3,(null),FALSE,ANZ_Savings,Gym/Fitness
14/9/2023,1/9/2023,UBER EATS EATS,-30.25,(null),FALSE,ING_Savings,Fast Food
15/9/2023,1/9/2023,McDonalds 1712 MCDONALDS PA,-23.85,(null),FALSE,ING_Savings,Fast Food
15/9/2023,1/9/2023,OPTUS BILLING AUTOPAY   MACQUARIE PARK,-96,(null),FALSE,AMEX,Internet/Mobile
15/9/2023,1/9/2023,GENESIS PARRAMATTA NORTH PARRAMAÂ ,-6.2,(null),FALSE,ANZ_Savings,Gym/Fitness
18/9/2023,1/9/2023,McDonalds 1712 MCDONALDS PA,-23.05,(null),FALSE,ING_Savings,Fast Food
18/9/2023,1/9/2023,TRANSPORTFORNSW TAP SYDNEYÂ ,-13.63,(null),FALSE,ANZ_Savings,Public/Private Transport costs
18/9/2023,1/9/2023,GECAL BARANGAROO PTY BARANGAROOÂ ,-15.12,(null),FALSE,ANZ_Savings,Other
19/9/2023,1/9/2023,DOORDASHMCDONALDS MELBOURNEÂ ,-33.74,(null),FALSE,ANZ_Savings,Fast Food
19/9/2023,1/9/2023,AMZNPRIMEAU MEMBERSHIP  SYDNEY SOUTH,-10,(null),FALSE,AMEX,Streaming
20/9/2023,1/9/2023,Netflix.com             Melbourne,-17,(null),FALSE,AMEX,Streaming
21/9/2023,1/9/2023,TO ZAC NAYLOR PT 529154025Â ,-81.3,(null),FALSE,ANZ_Savings,Gym/Fitness
21/9/2023,1/9/2023,GOOGLE DISNEY MOBILE   G.CO/HELPPAY#,-14,(null),FALSE,AMEX,Streaming
21/9/2023,1/9/2023,UBER EATS SYDNEY,-25.55,(null),FALSE,NABCC,Fast Food
22/9/2023,1/9/2023,STREAMOTION PTY LTD     NORTH RYDE,-30,(null),FALSE,AMEX,Streaming
25/9/2023,1/9/2023,KFCERMINGTON KFC.COM.AUÂ ,-7.95,(null),FALSE,ANZ_Savings,Fast Food
25/9/2023,1/9/2023,FROM RESTPAYROLL-FRON 12187Â ,(null),2546.36,FALSE,ANZ_Savings,Salary
25/9/2023,1/9/2023,UBER EATS               HELP.UBER.COM,-37,(null),FALSE,AMEX,Fast Food
26/9/2023,1/9/2023,MCDONALDS 1712 MCDONALDS PARÂ ,-20.65,(null),FALSE,ANZ_Savings,Fast Food
26/9/2023,1/9/2023,COLES 0968 WEST RYDEÂ ,-63.23,(null),FALSE,ANZ_Savings,Groceries/Petrol
26/9/2023,1/9/2023,DBSGenesis Parra,-27.9,(null),FALSE,NABCC,Gym/Fitness
28/9/2023,1/9/2023,TO ZAC NAYLOR PT 530777495Â ,-81.3,(null),FALSE,ANZ_Savings,Gym/Fitness
29/9/2023,1/9/2023,BEEM ITÂ ,-237.5,(null),FALSE,ANZ_Savings,Other
29/9/2023,1/9/2023,REVERSAL OF ACCOUNT SERVICING FEEÂ ,(null),5,FALSE,ANZ_Savings,Other
29/9/2023,1/9/2023,BUNGALOW 8 APP SYDNEYÂ ,-17.19,(null),FALSE,ANZ_Savings,Other
29/9/2023,1/9/2023,ACCOUNT SERVICING FEEÂ ,-5,(null),FALSE,ANZ_Savings,Other
1/10/2023,1/10/2023,SPOTIFY                 SYDNEY,-13,(null),FALSE,AMEX,Streaming
2/10/2023,1/10/2023,SATANG INFINITY CORPOR SYDNEYÂ ,-15.12,(null),FALSE,ANZ_Savings,Other
2/10/2023,1/10/2023,TRANSPORTFORNSW TAP SYDNEYÂ ,-10.82,(null),FALSE,ANZ_Savings,Public/Private Transport costs
3/10/2023,1/10/2023,TRANSPORTFORNSW TAP SYDNEYÂ ,-2.75,(null),FALSE,ANZ_Savings,Public/Private Transport costs
3/10/2023,1/10/2023,TO R ASWANIÂ ,-30,(null),FALSE,ANZ_Savings,Other
4/10/2023,1/10/2023,MCDONALDS RYDALMERE RYDALMEREÂ ,-24,(null),FALSE,ANZ_Savings,Fast Food
5/10/2023,1/10/2023,TO ZAC NAYLOR PT 532518187Â ,-81.3,(null),FALSE,ANZ_Savings,Gym/Fitness
6/10/2023,1/10/2023,COSTIS FISH & CHIPS BARANGAROOÂ ,-19.05,(null),FALSE,ANZ_Savings,Fast Food
9/10/2023,1/10/2023,FROM RESTPAYROLL-FRON 12187Â ,(null),2546.36,FALSE,ANZ_Savings,Salary
9/10/2023,1/10/2023,TRANSPORTFORNSW TAP SYDNEYÂ ,-10.1,(null),FALSE,ANZ_Savings,Public/Private Transport costs
10/10/2023,1/10/2023,DBSGenesis Parramatta Parramatta,-27.9,(null),FALSE,NABCC,Gym/Fitness
12/10/2023,1/10/2023,TO ZAC NAYLOR PT 534211833Â ,-81.3,(null),FALSE,ANZ_Savings,Gym/Fitness
13/10/2023,1/10/2023,BB-UKVI LONDONÂ ,-610.79,(null),FALSE,ANZCC,Moving UK
13/10/2023,1/10/2023,IHS226483585PA01 2023- UKVIÂ ,-1927.19,(null),FALSE,ANZCC,Moving UK
13/10/2023,1/10/2023,GOOGLE MYFITNESSPAL PYRMONTÂ ,-29.99,(null),FALSE,ANZ_Savings,Gym/Fitness
16/10/2023,1/10/2023,VFS SERVICES AUSTRAL SYDNEYÂ ,-3,(null),FALSE,ANZCC,Other
16/10/2023,1/10/2023,PAYMENT FROM VITHUSHA VIGNESWARAMOORTHYÂ ,(null),100,FALSE,ANZ_Savings,Other
17/10/2023,1/10/2023,AL ASEEL PARRAMATTA PARRAMATTAÂ ,-212,(null),FALSE,ANZ_Savings,Other
18/10/2023,1/10/2023,OPTUS BILLING AUTOPAY MACQUARIE PARÂ ,-98.09,(null),FALSE,ANZCC,Internet/Mobile
18/10/2023,1/10/2023,DOORDASHMCDONALDS MELBOURNEÂ ,-35.74,(null),FALSE,ANZCC,Fast Food
19/10/2023,1/10/2023,REWARD PROGRAM FEEÂ ,-55,(null),FALSE,ANZCC,Other
19/10/2023,1/10/2023,ANNUAL FEEÂ ,-370,(null),FALSE,ANZCC,Other
19/10/2023,1/10/2023,TO ZAC NAYLOR PT 536028669Â ,-81.3,(null),FALSE,ANZ_Savings,Gym/Fitness
20/10/2023,1/10/2023,SQ VISA AND TRAVEL SOLUT BARANGAROOÂ ,-1,(null),FALSE,ANZCC,Other
20/10/2023,1/10/2023,COSTIS FISH & CHIPS BARANGAROOÂ ,-19.15,(null),FALSE,ANZCC,Fast Food
20/10/2023,1/10/2023,EVENT MACQUARIE MACQUARIEÂ ,-23.65,(null),FALSE,ANZCC,Cinemas
23/10/2023,1/10/2023,AMZNPRIMEAU MEMBERSHIP SYDNEY SOUTHÂ ,-9.99,(null),FALSE,ANZCC,Streaming
23/10/2023,1/10/2023,MCDONALDS 951535 MCDONALDS PARÂ ,-18.75,(null),FALSE,ANZCC,Fast Food
23/10/2023,1/10/2023,VFS SERVICES AUSTR SYDNEYÂ ,-25,(null),FALSE,ANZCC,Other
23/10/2023,1/10/2023,TRANSPORTFORNSW TAP SYDNEYÂ ,-10.66,(null),FALSE,ANZ_Savings,Public/Private Transport costs
23/10/2023,1/10/2023,UBER EATS SYDNEYÂ ,-36.18,(null),FALSE,ANZCC,Fast Food
23/10/2023,1/10/2023,UBER PASS SYDNEYÂ ,-9.99,(null),FALSE,ANZCC,Fast Food
23/10/2023,1/10/2023,FROM RESTPAYROLL-FRON 12187Â ,(null),2546.36,FALSE,ANZ_Savings,Salary
24/10/2023,1/10/2023,SQ PANAGIOTIS ATHANASOPO RHODESÂ ,-16,(null),FALSE,ANZ_Savings,Other
24/10/2023,1/10/2023,DBSGenesis Parramatta Parramatta,-27.9,(null),FALSE,NABCC,Gym/Fitness
25/10/2023,1/10/2023,GOOGLE DISNEY MOBILE BARANGAROOÂ ,-13.99,(null),FALSE,ANZCC,Streaming
25/10/2023,1/10/2023,AAMI BRISBANEÂ ,-1290.97,(null),FALSE,ANZCC,Public/Private Transport costs
26/10/2023,1/10/2023,NETFLIX.COM NETFLIX.COMÂ ,-16.99,(null),FALSE,ANZCC,Streaming
26/10/2023,1/10/2023,STREAMOTION PTY LTD NORTH RYDEÂ ,-30,(null),FALSE,ANZCC,Streaming
26/10/2023,1/10/2023,TO ZAC NAYLOR PT 537760137Â ,-81.3,(null),FALSE,ANZ_Savings,Gym/Fitness
31/10/2023,1/10/2023,PAYMENT FROM VIGNESWARAMOORTHY VÂ ,(null),1290.97,FALSE,ANZ_Savings,Other
31/10/2023,1/10/2023,REVERSAL OF ACCOUNT SERVICING FEEÂ ,(null),5,FALSE,ANZ_Savings,Other
31/10/2023,1/10/2023,ACCOUNT SERVICING FEEÂ ,-5,(null),FALSE,ANZ_Savings,Other
20/11/2023,1/11/2023,FROM RESTPAYROLL-FRON 12187Â ,(null),2546.36,FALSE,ANZ_Savings,Salary
21/11/2023,1/11/2023,DBSGenesis Parramatta Parramatta,-27.9,(null),FALSE,NABCC,Gym/Fitness
22/11/2023,1/11/2023,AMZNPRIMEAU MEMBERSHIP SYDNEY SOUTHÂ ,-9.99,(null),FALSE,ANZCC,Streaming
22/11/2023,1/11/2023,UBER ONE SYDNEYÂ ,-9.99,(null),FALSE,ANZCC,Fast Food
23/11/2023,1/11/2023,TO ZAC NAYLOR PT 544823319Â ,-81.3,(null),FALSE,ANZ_Savings,Gym/Fitness
27/11/2023,1/11/2023,"STRATA SCRATCH, LLC HTTPSWWW.STRAÂ ",-226.55,(null),FALSE,ANZCC,learning
27/11/2023,1/11/2023,GOOGLE DISNEY MOBILE BARANGAROOÂ ,-13.99,(null),FALSE,ANZCC,Streaming
27/11/2023,1/11/2023,NETFLIX.COM NETFLIX.COMÂ ,-16.99,(null),FALSE,ANZCC,Streaming
27/11/2023,1/11/2023,STREAMOTION PTY LTD NORTH RYDEÂ ,-30,(null),FALSE,ANZCC,Streaming
27/11/2023,1/11/2023,ANZ MOBILE BANKING PAYMENT 825280Â TO V KALRAÂ ,-16.5,(null),FALSE,ANZ_Savings,Other
28/11/2023,1/11/2023,ANZ MOBILE BANKING PAYMENT 606216Â TO V KALRAÂ ,-20,(null),FALSE,ANZ_Savings,Other
30/11/2023,1/11/2023,REVERSAL OF ACCOUNT SERVICING FEEÂ ,(null),5,FALSE,ANZ_Savings,Other
30/11/2023,1/11/2023,MCDONALDS RYDALMERE RYDALMEREÂ ,-23.1,(null),FALSE,ANZCC,Fast Food
30/11/2023,1/11/2023,GOOGLE LINKEDIN COM PYRMONTÂ ,-204.46,(null),FALSE,ANZCC,learning
30/11/2023,1/11/2023,ACCOUNT SERVICING FEEÂ ,-5,(null),FALSE,ANZ_Savings,Other
30/11/2023,1/11/2023,TO ZAC NAYLOR PT 546514067Â ,-81.3,(null),FALSE,ANZ_Savings,Gym/Fitness
4/12/2023,1/12/2023,SPOTIFY SYDNEYÂ ,-12.99,(null),FALSE,ANZCC,Streaming
4/12/2023,1/12/2023,FROM RESTPAYROLL-FRON 12187Â ,(null),2546.36,FALSE,ANZ_Savings,Salary
4/12/2023,1/12/2023,FROM ATO ATO008000019160247Â ,(null),11.72,FALSE,ANZ_Savings,Other
4/12/2023,1/12/2023,PARRAMATTA WF BRANCH #1 PARRAMATTA NSÂ ,-300,(null),FALSE,ANZ_Savings,Other
4/12/2023,1/12/2023,TO PIRATHEEPÂ ,-7.95,(null),FALSE,ANZ_Savings,Other
6/12/2023,1/12/2023,MCDONALDS RYDALMERE RYDALMEREÂ ,-24.65,(null),FALSE,ANZCC,Fast Food
6/12/2023,1/12/2023,DD COLLECTIVE FRESHWATERÂ ,-26.55,(null),FALSE,ANZCC,Other
6/12/2023,1/12/2023,M J BALE PARRAMATTAÂ ,-898.38,(null),FALSE,ANZCC,Clothing
7/12/2023,1/12/2023,TO ZAC NAYLOR PT 548338021Â ,-81.3,(null),FALSE,ANZ_Savings,Gym/Fitness
8/12/2023,1/12/2023,MCDONALDS RYDALMERE RYDALMEREÂ ,-14.6,(null),FALSE,ANZCC,Fast Food
11/12/2023,1/12/2023,THE STAR SYDNEY 247 PYRMONTÂ ,-603,(null),FALSE,ANZ_Savings,Other
11/12/2023,1/12/2023,TO A JEGGANNAGARIÂ ,-90,(null),FALSE,ANZ_Savings,Other
11/12/2023,1/12/2023,TO A JEGGANNAGARIÂ ,-66,(null),FALSE,ANZ_Savings,Other
11/12/2023,1/12/2023,BEEM ITÂ ,-59,(null),FALSE,ANZ_Savings,Other
11/12/2023,1/12/2023,TO A JEGGANNAGARIÂ ,-44,(null),FALSE,ANZ_Savings,Other
11/12/2023,1/12/2023,NEDS.COM.AUÂ ,-25,(null),FALSE,ANZ_Savings,Other
11/12/2023,1/12/2023,PAYMENT FROM ABHINAY JEGGANNAGARIÂ ,(null),60,FALSE,ANZ_Savings,Other
11/12/2023,1/12/2023,PAYMENT FROM NEDS AUÂ ,(null),191,FALSE,ANZ_Savings,Other
11/12/2023,1/12/2023,COLES EXPRESS 1575 DUNDASÂ ,-25.16,(null),FALSE,ANZCC,Groceries/Petrol
11/12/2023,1/12/2023,PAYMENT FROM MR GAVISHNAH VIGNESWARAMOORÂ ,(null),400,FALSE,ANZ_Savings,Other
11/12/2023,1/12/2023,NEDS.COM.AUÂ ,-150,(null),FALSE,ANZ_Savings,Other
12/12/2023,1/12/2023,TRANSPORTFORNSW TAP SYDNEYÂ ,-5.33,(null),FALSE,ANZ_Savings,Public/Private Transport costs
12/12/2023,1/12/2023,TRANSPORTFORNSW TAP SYDNEYÂ ,-3.73,(null),FALSE,ANZ_Savings,Public/Private Transport costs
13/12/2023,1/12/2023,ANZ ATMÂ ,(null),785,FALSE,ANZ_Savings,Other
13/12/2023,1/12/2023,SP PANACEA COOKBOOKS WAREÂ ,-39.37,(null),FALSE,ANZCC,Gym/Fitness
14/12/2023,1/12/2023,COURSRA3330IBNJRGB4SC 6509639884Â ,-62.83,(null),FALSE,ANZCC,learning
14/12/2023,1/12/2023,TO ZAC NAYLOR PT 549967794Â ,-81.3,(null),FALSE,ANZ_Savings,Gym/Fitness
15/12/2023,1/12/2023,COSTIS FISH & CHIPS BARANGAROOÂ ,-18.13,(null),FALSE,ANZCC,Fast Food
15/12/2023,1/12/2023,MCDONALDS DT 1535 RYDALMEREÂ ,-23.85,(null),FALSE,ANZCC,Fast Food
18/12/2023,1/12/2023,OPTUS BILLING AUTOPAY MACQUARIE PARÂ ,-101.34,(null),FALSE,ANZCC,Internet/Mobile
19/12/2023,1/12/2023,WOOLWORTHS/GRAF AVE & MAR WEST RYDEÂ ,-71.65,(null),FALSE,ANZCC,Groceries/Petrol
22/5/2023,1/5/2023,FROM RESTPAYROLL-FRON 12187Â ,(null),2444.5,FALSE,ANZ_Savings,Salary
22/5/2023,1/5/2023,UBER TRIP SYDNEY,-63.39,(null),FALSE,NABCC,Public/Private Transport costs
22/5/2023,1/5/2023,AMZNPRIMEAU MEMBER,-6.99,(null),FALSE,NABCC,Streaming
23/5/2023,1/5/2023,ATO PAYMENT SYDNEY,-10000,(null),FALSE,ING_Savings,Voluntary HECS repayment
23/5/2023,1/5/2023,DBSGenesis Parram,-27.9,(null),FALSE,NABCC,Gym/Fitness
23/5/2023,1/5/2023,DOORDASHMCDONALDS,-30.89,(null),FALSE,NABCC,Fast Food
24/5/2023,1/5/2023,Google Disney Mobi,-13.99,(null),FALSE,NABCC,Streaming
25/5/2023,1/5/2023,TO ZAC NAYLOR PT 498836069Â ,-81.23,(null),FALSE,ANZ_Savings,Gym/Fitness
25/5/2023,1/5/2023,UBER EATS SYDNEY,-24.55,(null),FALSE,NABCC,Fast Food
25/5/2023,1/5/2023,STREAMOTION PTY LT,-30,(null),FALSE,NABCC,Streaming
26/5/2023,1/5/2023,UBER EATS SYDNEY,-34.36,(null),FALSE,NABCC,Fast Food
29/5/2023,1/5/2023,Dominos Estore Erm,-17,(null),FALSE,NABCC,Other
29/5/2023,1/5/2023,DOORDASHMCDONALDS,-31.89,(null),FALSE,NABCC,Fast Food
30/5/2023,1/5/2023,MY MUSCLE CHEF PTY,-154.5,(null),FALSE,NABCC,Gym/Fitness
31/5/2023,1/5/2023,REVERSAL OF ACCOUNT SERVICING FEEÂ ,(null),5,FALSE,ANZ_Savings,Other
31/5/2023,1/5/2023,ACCOUNT SERVICING FEEÂ ,-5,(null),FALSE,ANZ_Savings,Other
31/5/2023,1/5/2023,UBER EATS SYDNEY,-34.36,(null),FALSE,NABCC,Fast Food
1/6/2023,1/6/2023,TO ZAC NAYLOR PT 500902996Â ,-81.23,(null),FALSE,ANZ_Savings,Gym/Fitness
2/6/2023,1/6/2023,EL LOCO @ SLIP INN SYDNEYÂ ,-31.75,(null),FALSE,ANZ_Savings,Other
2/6/2023,1/6/2023,DOORDASHMCDONALDS,-31.89,(null),FALSE,NABCC,Fast Food
5/6/2023,1/6/2023,TRANSPORTFORNSW TAP SYDNEYÂ ,-10.1,(null),FALSE,ANZ_Savings,Public/Private Transport costs
5/6/2023,1/6/2023,FROM RESTPAYROLL-FRON 12187Â ,(null),2444.5,FALSE,ANZ_Savings,Salary
5/6/2023,1/6/2023,SPOTIFY SYDNEY,-11.99,(null),FALSE,NABCC,Streaming
5/6/2023,1/6/2023,UBER EATS SYD,-33.36,(null),FALSE,NABCC,Fast Food
6/6/2023,1/6/2023,UBER TRIP SYD,-60.06,(null),FALSE,NABCC,Public/Private Transport costs
6/6/2023,1/6/2023,DBSGenesis Pa,-27.9,(null),FALSE,NABCC,Gym/Fitness
6/6/2023,1/6/2023,McDonalds 1712,-23.9,(null),FALSE,NABCC,Fast Food
7/6/2023,1/6/2023,UBER EATS               HELP.UBER.COM,-33,(null),FALSE,AMEX,Fast Food
7/6/2023,1/6/2023,TRANSPORTFORNSW TAP SYDNEYÂ ,-4.18,(null),FALSE,ANZ_Savings,Public/Private Transport costs
8/6/2023,1/6/2023,TO ZAC NAYLOR PT 502804126Â ,-81.23,(null),FALSE,ANZ_Savings,Gym/Fitness
9/6/2023,1/6/2023,WOOLWORTHS 1366 ERMINGT ERMINGTON,-19,(null),FALSE,AMEX,Groceries/Petrol
10/6/2023,1/6/2023,KFCErmington kfc.com.au,-16.95,(null),FALSE,ING_Savings,Fast Food
12/6/2023,1/6/2023,NEDS.COM.AU DEPOSIT 940C8-8Â ,-10,(null),FALSE,ANZ_Savings,Other
13/6/2023,1/6/2023,GOOGLE LINKEDIN COM    G.CO/HELPPAY#,-25,(null),FALSE,AMEX,learning
13/6/2023,1/6/2023,MYPROTEIN.COM ST LEONARDSÂ ,-107.43,(null),FALSE,ANZ_Savings,Gym/Fitness
13/6/2023,1/6/2023,UBER EATS               HELP.UBER.COM,-33,(null),FALSE,AMEX,Fast Food
13/6/2023,1/6/2023,MCDONALDS DT 1535 RYDALMERE,-23.9,(null),FALSE,ING_Savings,Fast Food
14/6/2023,1/6/2023,MY MUSCLE CHEF PTY      YENNORA,-154,(null),FALSE,AMEX,Gym/Fitness
15/6/2023,1/6/2023,DOORDASHMCDONALDS      MELBOURNE,-32,(null),FALSE,AMEX,Fast Food
15/6/2023,1/6/2023,OPTUS BILLING AUTOPAY   MACQUARIE PARK,-97,(null),FALSE,AMEX,Internet/Mobile
15/6/2023,1/6/2023,TO ZAC NAYLOR PT 504535846Â ,-81.23,(null),FALSE,ANZ_Savings,Gym/Fitness
19/6/2023,1/6/2023,AMZNPRIMEAU MEMBERSHIP  SYDNEY SOUTH,-7,(null),FALSE,AMEX,Streaming
19/6/2023,1/6/2023,FROM RESTPAYROLL-FRON 12187Â ,(null),2444.5,FALSE,ANZ_Savings,Salary
20/6/2023,1/6/2023,DBSGenesis Pa,-27.9,(null),FALSE,NABCC,Gym/Fitness
20/6/2023,1/6/2023,DOORDASHMCDONALDS      MELBOURNE,-32,(null),FALSE,AMEX,Fast Food
20/6/2023,1/6/2023,WOOLWORTHS/GRA,-14,(null),FALSE,NABCC,Groceries/Petrol
20/6/2023,1/6/2023,COLES EXPRESS,-20.01,(null),FALSE,NABCC,Groceries/Petrol
21/6/2023,1/6/2023,FREEDOM FOODS GROUP NUT MARRICKVILLE,-60,(null),FALSE,AMEX,Fast Food
21/6/2023,1/6/2023,GOOGLE DISNEY MOBILE   G.CO/HELPPAY#,-14,(null),FALSE,AMEX,Streaming
21/6/2023,1/6/2023,DOORDASHGUZMAN Y GOME MELBOURNE,-35.84,(null),FALSE,ING_Savings,Fast Food
21/6/2023,1/6/2023,AmalsDiscount,-45,(null),FALSE,NABCC,Other
22/6/2023,1/6/2023,UBER EATS               HELP.UBER.COM,-33,(null),FALSE,AMEX,Fast Food
22/6/2023,1/6/2023,TO ZAC NAYLOR PT 506374193Â ,-81.23,(null),FALSE,ANZ_Savings,Gym/Fitness
22/6/2023,1/6/2023,NSW AMBULANCE WEB PARRAMATTAÂ ,-468.53,(null),FALSE,ANZ_Savings,Other
22/6/2023,1/6/2023,STREAMOTION PTY LTD     NORTH RYDE,-30,(null),FALSE,AMEX,Streaming
23/6/2023,1/6/2023,ANZ MOBILE BANKING PAYMENT 830722Â ,-31.5,(null),FALSE,ANZ_Savings,Other
23/6/2023,1/6/2023,TRANSPORTFORNSWTRAVEL   SYDNEY,-5,(null),FALSE,AMEX,Public/Private Transport costs
26/6/2023,1/6/2023,BUDDYS BAR NEWTOWN NEWTOWNÂ ,-50,(null),FALSE,ANZ_Savings,Other
26/6/2023,1/6/2023,BUDDYS BAR NEWTOWN NEWTOWNÂ ,-11,(null),FALSE,ANZ_Savings,Other
26/6/2023,1/6/2023,BUDDYS BAR NEWTOWN NEWTOWNÂ ,-12,(null),FALSE,ANZ_Savings,Other
26/6/2023,1/6/2023,BUDDYS BAR NEWTOWN NEWTOWNÂ ,-12,(null),FALSE,ANZ_Savings,Other
28/6/2023,1/6/2023,TRANSPORTFORNSW TAP SYDNEYÂ ,-7.97,(null),FALSE,ANZ_Savings,Public/Private Transport costs
28/6/2023,1/6/2023,KFCERMINGTON KFC.COM.AUÂ ,-20.9,(null),FALSE,ANZ_Savings,Fast Food
29/6/2023,1/6/2023,DOORDASHMCDONALDS MELBOURNE,-31.89,(null),FALSE,ING_Savings,Fast Food
29/6/2023,1/6/2023,SPORTSBET,-100,(null),FALSE,ANZ_Savings,Other
29/6/2023,1/6/2023,MY MUSCLE CHEF PTY      YENNORA,-154,(null),FALSE,AMEX,Gym/Fitness
29/6/2023,1/6/2023,TO ZAC NAYLOR PT 508066600Â ,-81.23,(null),FALSE,ANZ_Savings,Gym/Fitness
30/6/2023,1/6/2023,ACCOUNT SERVICING FEEÂ ,-5,(null),FALSE,ANZ_Savings,Other
30/6/2023,1/6/2023,REVERSAL OF ACCOUNT SERVICING FEEÂ ,(null),5,FALSE,ANZ_Savings,Other
30/6/2023,1/6/2023,VISA DEBIT PURCHASE CARD 9080Â GOJIMA SYDNEYÂ ,-16,(null),FALSE,ANZ_Savings,Other
1/7/2023,1/7/2023,UBER EATS SYDNEY,-29.17,(null),FALSE,ING_Savings,Fast Food
1/7/2023,1/7/2023,SPOTIFY                 SYDNEY,-12,(null),FALSE,AMEX,Streaming
3/7/2023,1/7/2023,FROM RESTPAYROLL-FRON 12187Â ,(null),2462.5,FALSE,ANZ_Savings,Salary
3/7/2023,1/7/2023,TRANSPORTFORNSW TAP SYDNEYÂ ,-10.1,(null),FALSE,ANZ_Savings,Public/Private Transport costs
4/7/2023,1/7/2023,DBSGenesis Parramatta Pa,-27.9,(null),FALSE,NABCC,Gym/Fitness
6/7/2023,1/7/2023,TO ZAC NAYLOR PT 509856099Â ,-81.23,(null),FALSE,ANZ_Savings,Gym/Fitness
6/7/2023,1/7/2023,KFC ERMINGTON ERMINGTON,-16.45,(null),FALSE,ING_Savings,Fast Food
7/7/2023,1/7/2023,DOORDASHDOSA HUT MELBOURNE,-15.23,(null),FALSE,ING_Savings,Fast Food
7/7/2023,1/7/2023,DOORDASHMCDONALDS      MELBOURNE,-31,(null),FALSE,AMEX,Fast Food
7/7/2023,1/7/2023,UBER EATS               HELP.UBER.COM,-33,(null),FALSE,AMEX,Fast Food
9/7/2023,1/7/2023,UBER EATS               HELP.UBER.COM,-35,(null),FALSE,AMEX,Fast Food
11/7/2023,1/7/2023,MY MUSCLE CHEF PTY      YENNORA,-140,(null),FALSE,AMEX,Gym/Fitness
12/7/2023,1/7/2023,KFCErmington kfc.com.au,-12.95,(null),FALSE,ING_Savings,Fast Food
1/11/2023,1/11/2023,MCDONALDS 951535 MCDONALDS PARÂ ,-18.75,(null),FALSE,ANZCC,Fast Food
2/11/2023,1/11/2023,TO ZAC NAYLOR PT 539570804Â ,-81.3,(null),FALSE,ANZ_Savings,Gym/Fitness
3/11/2023,1/11/2023,MY MUSCLE CHEF PTY LTD YENNORAÂ ,-139.5,(null),FALSE,ANZCC,Gym/Fitness
3/11/2023,1/11/2023,DOORDASHMCDONALDS MELBOURNEÂ ,-35.74,(null),FALSE,ANZCC,Fast Food
6/11/2023,1/11/2023,SPOTIFY SYDNEYÂ ,-12.99,(null),FALSE,ANZCC,Streaming
6/11/2023,1/11/2023,FROM RESTPAYROLL-FRON 12187Â ,(null),2546.36,FALSE,ANZ_Savings,Salary
6/11/2023,1/11/2023,AMAZON MARKETPLACE AU SYDNEY SOUTHÂ ,-99,(null),FALSE,ANZCC,Amazon Shopping
7/11/2023,1/11/2023,DBSGenesis Parramatta Parramatta,-27.9,(null),FALSE,NABCC,Gym/Fitness
9/11/2023,1/11/2023,TO ZAC NAYLOR PT 541297124Â ,-81.3,(null),FALSE,ANZ_Savings,Gym/Fitness
13/11/2023,1/11/2023,TRANSPORTFORNSW TAP SYDNEYÂ ,-5.33,(null),FALSE,ANZ_Savings,Public/Private Transport costs
14/11/2023,1/11/2023,COURSRA3330IBNJRGB4SC 6509639884Â ,-62.83,(null),FALSE,ANZCC,learning
16/11/2023,1/11/2023,TO ZAC NAYLOR PT 543062071Â ,-81.3,(null),FALSE,ANZ_Savings,Gym/Fitness
17/11/2023,1/11/2023,OPTUS BILLING AUTOPAY MACQUARIE PARÂ ,-97.04,(null),FALSE,ANZCC,Internet/Mobile
20/11/2023,1/11/2023,COLES EXPRESS 1730 YAGOONAÂ ,-74.48,(null),FALSE,ANZCC,Groceries/Petrol
20/11/2023,1/11/2023,TRANSPORTFORNSW TAP SYDNEYÂ ,-10.66,(null),FALSE,ANZ_Savings,Public/Private Transport costs
24/3/2023,1/3/2023,Google Disney Mo,-13.99,(null),FALSE,NABCC,Streaming
24/3/2023,1/3/2023,Streamotion Pty,-30,(null),FALSE,NABCC,Streaming
24/3/2023,1/3/2023,UBER EATS SYDNE,-21.23,(null),FALSE,NABCC,Fast Food
24/3/2023,1/3/2023,SUSHI HON SYDNEY,-8,(null),FALSE,NABCC,Other
27/3/2023,1/3/2023,PAYMENT FROM VITHUSHA VIGNESWARAMOORTHYÂ ,(null),752,FALSE,ANZ_Savings,Other
27/3/2023,1/3/2023,TRANSPORTFORNSW TAP SYDNEYÂ ,-10.1,(null),FALSE,ANZ_Savings,Public/Private Transport costs
27/3/2023,1/3/2023,store MCDONALDS,-16,(null),FALSE,NABCC,Fast Food
27/3/2023,1/3/2023,PAYMENT FROM VITHUSHA VIGNESWARAMOORTHYÂ ,(null),213.98,FALSE,ANZ_Savings,Other
27/3/2023,1/3/2023,FROM RESTPAYROLL-FRON 12187Â ,(null),2444.5,FALSE,ANZ_Savings,Salary
28/3/2023,1/3/2023,DBSGenesis Parr,-27.9,(null),FALSE,NABCC,Gym/Fitness
28/3/2023,1/3/2023,TO ASNU GROUP OF TRADESÂ ,-270,(null),FALSE,ANZ_Savings,renovation
30/3/2023,1/3/2023,KFCErmington kf,-7.95,(null),FALSE,NABCC,Fast Food
31/3/2023,1/3/2023,ACCOUNT SERVICING FEEÂ ,-5,(null),FALSE,ANZ_Savings,Other
31/3/2023,1/3/2023,REVERSAL OF ACCOUNT SERVICING FEEÂ ,(null),5,FALSE,ANZ_Savings,Other
31/3/2023,1/3/2023,PAYMENT FROM VITHUSHA VIGNESWARAMOORTHYÂ ,(null),2000,FALSE,ANZ_Savings,Other
31/3/2023,1/3/2023,TO P MARIANAYAGAMÂ ,-2000,(null),FALSE,ANZ_Savings,renovation
1/4/2023,1/4/2023,DOORDASHMCDONALDS MELBOURNE,-27.55,(null),FALSE,ING_Savings,Fast Food
3/4/2023,1/4/2023,SPOTIFY SYDNEY 1,-1.99,(null),FALSE,NABCC,Streaming
4/4/2023,1/4/2023,AMAZON AU SYDNE,-84.99,(null),FALSE,NABCC,Amazon Shopping
5/4/2023,1/4/2023,MCDONALDS DT 15,-23.9,(null),FALSE,NABCC,Fast Food
6/4/2023,1/4/2023,TO ZAC NAYLOR PT 486391014Â ,-81.23,(null),FALSE,ANZ_Savings,Gym/Fitness
6/4/2023,1/4/2023,FROM RESTPAYROLL-FRON 12187Â ,(null),2444.5,FALSE,ANZ_Savings,Salary
7/4/2023,1/4/2023,store MCDONALDS PA,-19.59,(null),FALSE,ING_Savings,Fast Food
11/4/2023,1/4/2023,TO P MARIANAYAGAMÂ ,-250,(null),FALSE,ANZ_Savings,renovation
11/4/2023,1/4/2023,TO P MARIANAYAGAMÂ ,-250,(null),FALSE,ANZ_Savings,renovation
11/4/2023,1/4/2023,UBER EATS SYDN,-33.49,(null),FALSE,NABCC,Fast Food
11/4/2023,1/4/2023,UBER EATS SYDN,-26.79,(null),FALSE,NABCC,Fast Food
12/4/2023,1/4/2023,STREAMOTION PTY,-16,(null),FALSE,NABCC,Streaming
12/4/2023,1/4/2023,store MCDONALDS,-20.6,(null),FALSE,NABCC,Fast Food
12/4/2023,1/4/2023,DBSGenesis Par,-27.9,(null),FALSE,NABCC,Gym/Fitness
12/4/2023,1/4/2023,TO P MARIANAYAGAMÂ ,-1750,(null),FALSE,ANZ_Savings,renovation
13/4/2023,1/4/2023,UBER EATS SYDN,-24.55,(null),FALSE,NABCC,Fast Food
13/4/2023,1/4/2023,TO ZAC NAYLOR PT 487927535Â ,-81.23,(null),FALSE,ANZ_Savings,Gym/Fitness
14/4/2023,1/4/2023,Hungry Jacks No,-26.7,(null),FALSE,NABCC,Fast Food
17/4/2023,1/4/2023,TO P MARIANAYAGAMÂ ,-450,(null),FALSE,ANZ_Savings,renovation
17/4/2023,1/4/2023,store MCDONALDS,-24.45,(null),FALSE,NABCC,Fast Food
17/4/2023,1/4/2023,SP NINETOFIVE F,-60,(null),FALSE,NABCC,Gym/Fitness
18/4/2023,1/4/2023,PAYMENT FROM MR GAVISHNAH VIGNESWARAMOORÂ ,(null),1000,FALSE,ANZ_Savings,Other
19/4/2023,1/4/2023,OPTUS BILLING A,-95.99,(null),FALSE,NABCC,Internet/Mobile
19/4/2023,1/4/2023,store MCDONALDS,-20.59,(null),FALSE,NABCC,Fast Food
19/4/2023,1/4/2023,PAYMENT FROM CATHERINE DOPPERÂ ASNU Group of Trades,(null),270,FALSE,ANZ_Savings,renovation
19/4/2023,1/4/2023,PAYMENT FROM MR GAVISHNAH VIGNESWARAMOORÂ ,(null),1000,FALSE,ANZ_Savings,Other
20/4/2023,1/4/2023,PAYMENT FROM VITHUSHA VIGNESWARAMOORTHYÂ ,(null),463,FALSE,ANZ_Savings,Other
20/4/2023,1/4/2023,UBER EATS SYDN,-44.69,(null),FALSE,NABCC,Fast Food
20/4/2023,1/4/2023,TO ZAC NAYLOR PT 489694896Â ,-81.23,(null),FALSE,ANZ_Savings,Gym/Fitness
21/4/2023,1/4/2023,FROM RESTPAYROLL-FRON 12187Â ,(null),2444.5,FALSE,ANZ_Savings,Salary
21/4/2023,1/4/2023,AMZNPRIMEAU MEM,-6.99,(null),FALSE,NABCC,Streaming
24/4/2023,1/4/2023,TARGET 5292 CAR,-7.15,(null),FALSE,NABCC,Other
24/4/2023,1/4/2023,UBER EATS SYDN,-34.36,(null),FALSE,NABCC,Fast Food
24/4/2023,1/4/2023,UBER EATS SYDN,-34.36,(null),FALSE,NABCC,Fast Food
24/4/2023,1/4/2023,MY MUSCLE CHEF,-192.35,(null),FALSE,NABCC,Gym/Fitness
24/4/2023,1/4/2023,SQ SCISSORS ST,-30,(null),FALSE,NABCC,Other
24/4/2023,1/4/2023,Google Disney M,-13.99,(null),FALSE,NABCC,Streaming
26/4/2023,1/4/2023,STREAMOTION PTY,-30,(null),FALSE,NABCC,Streaming
26/4/2023,1/4/2023,DBSGenesis Par,-27.9,(null),FALSE,NABCC,Gym/Fitness
26/4/2023,1/4/2023,McDonalds 1712,-23.9,(null),FALSE,NABCC,Fast Food
26/4/2023,1/4/2023,EB GAMES CARLIN,-49.95,(null),FALSE,NABCC,Other
26/4/2023,1/4/2023,UBER EATS SYDN,-34.36,(null),FALSE,NABCC,Fast Food
27/4/2023,1/4/2023,TO ZAC NAYLOR PT 491334196Â ,-81.23,(null),FALSE,ANZ_Savings,Gym/Fitness
28/4/2023,1/4/2023,KFCErmington kfc.com.au,-7.95,(null),FALSE,ING_Savings,Fast Food
28/4/2023,1/4/2023,UBER EATS SYDN,-34.36,(null),FALSE,NABCC,Fast Food
28/4/2023,1/4/2023,REVERSAL OF ACCOUNT SERVICING FEEÂ ,(null),5,FALSE,ANZ_Savings,Other
28/4/2023,1/4/2023,ACCOUNT SERVICING FEEÂ ,-5,(null),FALSE,ANZ_Savings,Other
30/4/2023,1/4/2023,DOORDASHMCDONALDS MELBOURNE,-30.89,(null),FALSE,ING_Savings,Fast Food
1/5/2023,1/5/2023,KOGAN MOBILE NORTH SYDNEYÂ ,-165,(null),FALSE,ANZ_Savings,Internet/Mobile
1/5/2023,1/5/2023,AMAZON AU SYDNE,-160.57,(null),FALSE,NABCC,Amazon Shopping
2/5/2023,1/5/2023,GOOGLEPARAMOUN,-8.99,(null),FALSE,NABCC,Streaming
3/5/2023,1/5/2023,DOORDASHMCDONA,-30.89,(null),FALSE,NABCC,Fast Food
3/5/2023,1/5/2023,SPOTIFY SYDNEY,-11.99,(null),FALSE,NABCC,Streaming
4/5/2023,1/5/2023,MY MUSCLE CHEF PTY,-134.5,(null),FALSE,NABCC,Gym/Fitness
4/5/2023,1/5/2023,TO ZAC NAYLOR PT 493269148Â ,-81.23,(null),FALSE,ANZ_Savings,Gym/Fitness
4/5/2023,1/5/2023,Menulog Pty Ltd Sydney,-21.19,(null),FALSE,ING_Savings,Fast Food
4/5/2023,1/5/2023,Grilld Pty Ltd Ric,-23.4,(null),FALSE,NABCC,Fast Food
6/5/2023,1/5/2023,EVENT TOP RYDE          RYDE,-24,(null),FALSE,AMEX,Cinemas
6/5/2023,1/5/2023,DOORDASHMCDONALDS MELBOURNE,-30.89,(null),FALSE,ING_Savings,Fast Food
7/5/2023,1/5/2023,MCDONALDS WEST RYDE 042 WEST RYDE,-25,(null),FALSE,AMEX,Fast Food
8/5/2023,1/5/2023,NEDS BOWEN HILLS,-5,(null),FALSE,ING_Savings,Other
8/5/2023,1/5/2023,FROM RESTPAYROLL-FRON 12187Â ,(null),2444.5,FALSE,ANZ_Savings,Salary
8/5/2023,1/5/2023,TRANSPORTFORNSW TAP SYDNEYÂ ,-10.1,(null),FALSE,ANZ_Savings,Public/Private Transport costs
9/5/2023,1/5/2023,DBSGenesis Parram,-27.9,(null),FALSE,NABCC,Gym/Fitness
10/5/2023,1/5/2023,UBER EATS SYDNEY,-33.49,(null),FALSE,NABCC,Fast Food
10/5/2023,1/5/2023,KFCErmington kfc.,-9.95,(null),FALSE,NABCC,Fast Food
11/5/2023,1/5/2023,TO ZAC NAYLOR PT 495104041Â ,-81.23,(null),FALSE,ANZ_Savings,Gym/Fitness
12/5/2023,1/5/2023,PAYMENT FROM NEDS AUÂ ,(null),250,FALSE,ANZ_Savings,Other
12/5/2023,1/5/2023,STREAMOTION PTY LT,-16,(null),FALSE,NABCC,Streaming
12/5/2023,1/5/2023,EAT & SMILE PTY LT,-16.16,(null),FALSE,NABCC,Other
15/5/2023,1/5/2023,MY MUSCLE CHEF PTY,-154.5,(null),FALSE,NABCC,Gym/Fitness
15/5/2023,1/5/2023,NEDS BOWEN HILLSÂ ,-250,(null),FALSE,ANZ_Savings,Other
15/5/2023,1/5/2023,TRANSPORTFORNSW TAP SYDNEYÂ ,-5.05,(null),FALSE,ANZ_Savings,Public/Private Transport costs
15/5/2023,1/5/2023,DOORDASHMCDONALDS MELBOURNEÂ ,-30.89,(null),FALSE,ANZ_Savings,Fast Food
16/5/2023,1/5/2023,McDonalds 1712 MCDONALDS PA,-19.12,(null),FALSE,ING_Savings,Fast Food
18/5/2023,1/5/2023,McDonalds 1712 CHI,-32.03,(null),FALSE,NABCC,Fast Food
18/5/2023,1/5/2023,OPTUS BILLING AUTO,-95.99,(null),FALSE,NABCC,Internet/Mobile
18/5/2023,1/5/2023,TO ZAC NAYLOR PT 496977704Â ,-81.23,(null),FALSE,ANZ_Savings,Gym/Fitness
20/5/2023,1/5/2023,ATO PAYMENT SYDNEY,-10040,(null),FALSE,ING_Savings,Voluntary HECS repayment
22/5/2023,1/5/2023,McDonalds 1712 CHI,-19.3,(null),FALSE,NABCC,Fast Food
22/5/2023,1/5/2023,TRANSPORTFORNSW TAP SYDNEYÂ ,-5.05,(null),FALSE,ANZ_Savings,Public/Private Transport costs
20/7/2023,1/7/2023,Intrepid Travel Melbourne,-2985,(null),FALSE,NABCC,Travel
20/7/2023,1/7/2023,LP WAREHAM PTY LTD WEST RYDEÂ ,-288,(null),FALSE,ANZ_Savings,Other
21/7/2023,1/7/2023,GOOGLE DISNEY MOBILE   G.CO/HELPPAY#,-14,(null),FALSE,AMEX,Streaming
22/7/2023,1/7/2023,DOORDASHMCDONALDS      MELBOURNE,-34,(null),FALSE,AMEX,Fast Food
22/7/2023,1/7/2023,STREAMOTION PTY LTD     NORTH RYDE,-30,(null),FALSE,AMEX,Streaming
24/7/2023,1/7/2023,THAI AIRWAYS SYDNEYÂ ,-1006.14,(null),FALSE,ANZ_Savings,Travel
24/7/2023,1/7/2023,ANZ MOBILE BANKING PAYMENT 553197Â TO D THANENTHIRARAJAHÂ ,-27,(null),FALSE,ANZ_Savings,Other
24/7/2023,1/7/2023,TRANSPORTFORNSW TAP SYDNEYÂ ,-10.1,(null),FALSE,ANZ_Savings,Public/Private Transport costs
25/7/2023,1/7/2023,SINGAPORE AI6182445110040 SINGAPOREÂ ,-929.92,(null),FALSE,ANZ_Savings,Travel
26/7/2023,1/7/2023,MY MUSCLE CHEF PTY      YENNORA,-154,(null),FALSE,AMEX,Gym/Fitness
26/7/2023,1/7/2023,TRANSPORTFORNSW TAP SYDNEYÂ ,-8.58,(null),FALSE,ANZ_Savings,Public/Private Transport costs
27/7/2023,1/7/2023,KFCERMINGTON KFC.COM.AUÂ ,-16.45,(null),FALSE,ANZ_Savings,Fast Food
27/7/2023,1/7/2023,TO ZAC NAYLOR PT 514985021Â ,-81.23,(null),FALSE,ANZ_Savings,Gym/Fitness
27/7/2023,1/7/2023,BEEM ITÂ ,(null),8,FALSE,ANZ_Savings,Other
28/7/2023,1/7/2023,WISE SYDNEYÂ ,-10,(null),FALSE,ANZ_Savings,Travel
31/7/2023,1/7/2023,DOORDASHMCDONALDS MELBOURNEÂ ,-33.74,(null),FALSE,ANZ_Savings,Fast Food
31/7/2023,1/7/2023,ACCOUNT SERVICING FEEÂ ,-5,(null),FALSE,ANZ_Savings,Other
31/7/2023,1/7/2023,REVERSAL OF ACCOUNT SERVICING FEEÂ ,(null),5,FALSE,ANZ_Savings,Other
31/7/2023,1/7/2023,FROM RESTPAYROLL-FRON 12187Â ,(null),2931.03,FALSE,ANZ_Savings,Salary
31/7/2023,1/7/2023,KFCERMINGTON KFC.COM.AUÂ ,-27.85,(null),FALSE,ANZ_Savings,Fast Food
1/8/2023,1/8/2023,SPOTIFY                 SYDNEY,-12,(null),FALSE,AMEX,Streaming
1/8/2023,1/8/2023,DBSGenesis Parramatta Pa,-27.9,(null),FALSE,NABCC,Gym/Fitness
1/8/2023,1/8/2023,DOORDASHMCDONALDS MELBOURNEÂ ,-33.74,(null),FALSE,ANZ_Savings,Fast Food
2/8/2023,1/8/2023,DOORDASHMCDONALDS      MELBOURNE,-34,(null),FALSE,AMEX,Fast Food
3/8/2023,1/8/2023,NANDOS CLARENCE ST 15 Sydney,-19.9,(null),FALSE,ING_Savings,Fast Food
3/8/2023,1/8/2023,AMAZON MARKETPLACE AU SYD,-109.33,(null),FALSE,NABCC,Amazon Shopping
3/8/2023,1/8/2023,TO ZAC NAYLOR PT 516831334Â ,-81.23,(null),FALSE,ANZ_Savings,Gym/Fitness
5/8/2023,1/8/2023,KFCErmington kfc.com.au,-12.95,(null),FALSE,ING_Savings,Fast Food
7/8/2023,1/8/2023,TRANSPORTFORNSW TAP SYDNEYÂ ,-10.1,(null),FALSE,ANZ_Savings,Public/Private Transport costs
7/8/2023,1/8/2023,MCDONALDS              THORNLEIGH,-20,(null),FALSE,AMEX,Fast Food
7/8/2023,1/8/2023,DOORDASHMCDONALDS MELBOURNE,-33.74,(null),FALSE,ING_Savings,Fast Food
8/8/2023,1/8/2023,IHS016849766PA01 2023- UKVIÂ ,-1861.23,(null),FALSE,ANZ_Savings,Moving UK
8/8/2023,1/8/2023,VISA DEBIT PURCHASE CARD 9080Â BB-UKVI LONDONÂ ,-516,(null),FALSE,ANZ_Savings,Moving UK
9/8/2023,1/8/2023,UBER EATS               HELP.UBER.COM,-30,(null),FALSE,AMEX,Fast Food
10/8/2023,1/8/2023,VFS SERVICES AUSTRAL SYDNEYÂ ,-127,(null),FALSE,ANZ_Savings,Other
10/8/2023,1/8/2023,TO ZAC NAYLOR PT 518623841Â ,-81.23,(null),FALSE,ANZ_Savings,Gym/Fitness
10/8/2023,1/8/2023,MCDONALDS              THORNLEIGH,-24,(null),FALSE,AMEX,Fast Food
12/8/2023,1/8/2023,MCDONALDS              THORNLEIGH,-25,(null),FALSE,AMEX,Fast Food
13/8/2023,1/8/2023,MY MUSCLE CHEF PTY      YENNORA,-154,(null),FALSE,AMEX,Gym/Fitness
14/8/2023,1/8/2023,FROM RESTPAYROLL-FRON 12187Â ,(null),2462.5,FALSE,ANZ_Savings,Salary
15/8/2023,1/8/2023,DBSGenesis Parramatta Pa,-27.9,(null),FALSE,NABCC,Gym/Fitness
16/8/2023,1/8/2023,Transfer To Mr Gavishnah Vigneswaramoorthy,-1000,(null),FALSE,ING_Savings,Other
16/8/2023,1/8/2023,DOORDASHMCDONALDS      MELBOURNE,-29,(null),FALSE,AMEX,Fast Food
16/8/2023,1/8/2023,PAYMENT FROM MR GAVISHNAH VIGNESWARAMOORÂ ,(null),1000,FALSE,ANZ_Savings,Other
17/8/2023,1/8/2023,TO ZAC NAYLOR PT 520409944Â ,-81.23,(null),FALSE,ANZ_Savings,Gym/Fitness
17/8/2023,1/8/2023,MCDONALDS WEST RYDE B WEST RYDEÂ ,-14,(null),FALSE,ANZ_Savings,Fast Food
17/8/2023,1/8/2023,MCDONALDS RYDALMERE RYDALMEREÂ ,-15.4,(null),FALSE,ANZ_Savings,Fast Food
17/8/2023,1/8/2023,OPTUS BILLING AUTOPAY   MACQUARIE PARK,-96,(null),FALSE,AMEX,Internet/Mobile
18/8/2023,1/8/2023,MCDONALDS RYDALMERE RYDALMEREÂ ,-24.65,(null),FALSE,ANZ_Savings,Fast Food
19/8/2023,1/8/2023,AMZNPRIMEAU MEMBERSHIP  SYDNEY SOUTH,-10,(null),FALSE,AMEX,Streaming
21/8/2023,1/8/2023,TRANSPORTFORNSW TAP SYDNEYÂ ,-10.1,(null),FALSE,ANZ_Savings,Public/Private Transport costs
21/8/2023,1/8/2023,DOPA DONBURI SYDNEY SYDNEYÂ ,-17.21,(null),FALSE,ANZ_Savings,Other
21/8/2023,1/8/2023,AUDB010059 BUPA BRISBANE,-136.62,(null),FALSE,NABCC,Other
21/8/2023,1/8/2023,DOORDASHMCDONALDS MELBOU,-28.72,(null),FALSE,NABCC,Fast Food
21/8/2023,1/8/2023,GOOGLE DISNEY MOBILE   G.CO/HELPPAY#,-14,(null),FALSE,AMEX,Streaming
22/8/2023,1/8/2023,STREAMOTION PTY LTD     NORTH RYDE,-30,(null),FALSE,AMEX,Streaming
22/8/2023,1/8/2023,KFCErmington kfc.com.au,-13.45,(null),FALSE,NABCC,Fast Food
22/8/2023,1/8/2023,The Academy Brand Roseber,-169.93,(null),FALSE,NABCC,Clothing
24/8/2023,1/8/2023,TO ZAC NAYLOR PT 522126124Â ,-81.23,(null),FALSE,ANZ_Savings,Gym/Fitness
25/8/2023,1/8/2023,EDITION ROASTERS MC SYDNEYÂ ,-6,(null),FALSE,ANZ_Savings,Other
25/8/2023,1/8/2023,SQ PEPPER SEEDS BARANGAROOÂ ,-16.06,(null),FALSE,ANZ_Savings,Other
26/8/2023,1/8/2023,UBER TRIP               HELP.UBER.COM,-77,(null),FALSE,AMEX,Public/Private Transport costs
26/8/2023,1/8/2023,Transfer To Wise Australia Pty Ltd,-980,(null),FALSE,ING_Savings,Travel
26/8/2023,1/8/2023,Transfer To Wise Australia Pty Ltd,-10,(null),FALSE,ING_Savings,Travel
26/8/2023,1/8/2023,COURTYARD BY MARRIOTT   BANGKOK,-227,(null),FALSE,AMEX,Travel
27/8/2023,1/8/2023,KEISEI SKYLINER         CHIBA,-31,(null),FALSE,AMEX,Travel
28/8/2023,1/8/2023,THAI AIRWAYS H.O.INFLI  BANGKOK,-74,(null),FALSE,AMEX,Travel
28/8/2023,1/8/2023,FROM RESTPAYROLL-FRON 12187Â ,(null),2462.5,FALSE,ANZ_Savings,Salary
28/8/2023,1/8/2023,SP SIMSDIRECT WATERLOOÂ ,-45,(null),FALSE,ANZ_Savings,Travel
28/8/2023,1/8/2023,MCDONALDS 1712 MCDONALDS PARÂ ,-24,(null),FALSE,ANZ_Savings,Fast Food
28/8/2023,1/8/2023,TO WISE AUSTRALIA PTY LTDÂ ,-10,(null),FALSE,ANZ_Savings,Travel
29/8/2023,1/8/2023,AMAZON AU               SYDNEY SOUTH,-54,(null),FALSE,AMEX,Amazon Shopping
29/8/2023,1/8/2023,DBSGenesis Parramatta Pa,-27.9,(null),FALSE,NABCC,Gym/Fitness
29/8/2023,1/8/2023,TRANSPORTFORNSW TAP SYDNEYÂ ,-10.1,(null),FALSE,ANZ_Savings,Public/Private Transport costs
30/8/2023,1/8/2023,KLOOK TRAVEL TECHNOLOGY CENTRAL,-94,(null),FALSE,AMEX,Travel
31/8/2023,1/8/2023,ACCOUNT SERVICING FEEÂ ,-5,(null),FALSE,ANZ_Savings,Other
31/8/2023,1/8/2023,REVERSAL OF ACCOUNT SERVICING FEEÂ ,(null),5,FALSE,ANZ_Savings,Other
31/8/2023,1/8/2023,TO ZAC NAYLOR PT 523808915Â ,-81.23,(null),FALSE,ANZ_Savings,Gym/Fitness
1/9/2023,1/9/2023,SPOTIFY                 SYDNEY,-13,(null),FALSE,AMEX,Streaming
2/9/2023,1/9/2023,GOOGLENORDVPN GOOGLE P  G.CO HELPPAY#,-155,(null),FALSE,AMEX,Other
2/9/2023,1/9/2023,UNIQLO                  ,-110,(null),FALSE,AMEX,Travel
4/9/2023,1/9/2023,TO RUBY SHIELSÂ ,-36,(null),FALSE,ANZ_Savings,Travel
4/9/2023,1/9/2023,TO WISE AUSTRALIA PTY LTDÂ ,-140,(null),FALSE,ANZ_Savings,Travel
4/9/2023,1/9/2023,VFS SERVICES AUSTRAL SYDNEYÂ ,(null),127,FALSE,ANZ_Savings,Other
4/9/2023,1/9/2023,TO WISE AUSTRALIA PTY LTDÂ ,-200,(null),FALSE,ANZ_Savings,Travel
4/9/2023,1/9/2023,UBER TRIP               SAN FRANCISCO,-79,(null),FALSE,AMEX,Public/Private Transport costs
5/9/2023,1/9/2023,BB-UKVI LONDONÂ ,(null),516,FALSE,ANZ_Savings,Moving UK
5/9/2023,1/9/2023,TO WISE AUSTRALIA PTY LTDÂ ,-200,(null),FALSE,ANZ_Savings,Travel
5/9/2023,1/9/2023,IHS016849766PA01 2023- UKVIÂ ,(null),1861.23,FALSE,ANZ_Savings,Moving UK
5/9/2023,1/9/2023,KYOUSHIN KOUTSUU        OSAKA,-254,(null),FALSE,AMEX,Travel
5/9/2023,1/9/2023,GRABTAXI PTE LTD        SINGAPORE,-59,(null),FALSE,AMEX,Travel
5/9/2023,1/9/2023,GRABA-5CV98ODGWFOM     SINGAPORE,-39,(null),FALSE,AMEX,Travel
5/9/2023,1/9/2023,GRABA-5CUKTX9GWEQ8     SINGAPORE,-24,(null),FALSE,AMEX,Travel
6/9/2023,1/9/2023,UBER TRIP               HELP.UBER.COM,-21,(null),FALSE,AMEX,Public/Private Transport costs
6/9/2023,1/9/2023,UBER TRIP               HELP.UBER.COM,-95,(null),FALSE,AMEX,Public/Private Transport costs
7/9/2023,1/9/2023,TO ZAC NAYLOR PT 525628009Â ,-81.23,(null),FALSE,ANZ_Savings,Gym/Fitness
8/9/2023,1/9/2023,PAYMENT FROM WISE AUSTRALIA PTY LTDÂ ,(null),227.23,FALSE,ANZ_Savings,Travel
13/7/2023,1/7/2023,TO ZAC NAYLOR PT 511476962Â ,-81.23,(null),FALSE,ANZ_Savings,Gym/Fitness
14/7/2023,1/7/2023,KENT ST.HOTEL/347 KENT ST SYDNEYÂ ,-19.42,(null),FALSE,ANZ_Savings,Other
14/7/2023,1/7/2023,DOORDASHMCDONALDS      MELBOURNE,-34,(null),FALSE,AMEX,Fast Food
15/7/2023,1/7/2023,OPTUS BILLING AUTOPAY   MACQUARIE PARK,-96,(null),FALSE,AMEX,Internet/Mobile
17/7/2023,1/7/2023,TRANSPORTFORNSW TAP SYDNEYÂ ,-10.1,(null),FALSE,ANZ_Savings,Public/Private Transport costs
17/7/2023,1/7/2023,FROM RESTPAYROLL-FRON 12187Â ,(null),2462.5,FALSE,ANZ_Savings,Salary
18/7/2023,1/7/2023,McDonalds 1712 MCDONALDS PA,-19.04,(null),FALSE,ING_Savings,Fast Food
18/7/2023,1/7/2023,DBSGenesis Parramatta Pa,-27.9,(null),FALSE,NABCC,Gym/Fitness
19/7/2023,1/7/2023,AMZNPRIMEAU MEMBERSHIP  SYDNEY SOUTH,-10,(null),FALSE,AMEX,Streaming
19/7/2023,1/7/2023,KFCErmington kfc.com.au,-15,(null),FALSE,ING_Savings,Fast Food
20/7/2023,1/7/2023,UBER EATS               HELP.UBER.COM,-34,(null),FALSE,AMEX,Fast Food
20/7/2023,1/7/2023,TO ZAC NAYLOR PT 513272212Â ,-81.23,(null),FALSE,ANZ_Savings,Gym/Fitness
20/7/2023,1/7/2023,SQ SCISSORS STYLE BARBER CARLINGFORDÂ ,-35,(null),FALSE,ANZ_Savings,Other